-- 01. insert_TEAM
INSERT INTO team (team_id, team_name, region, found_year, stadium) VALUES
(1,  'LG 트윈스',            '서울',   '1990', '잠실야구장'),
(2,  '두산 베어스',          '서울',   '1982', '잠실야구장'),
(3,  'SSG 랜더스',           '인천',   '2021', '인천SSG랜더스필드'),
(4,  '키움 히어로즈',        '서울',   '2008', '고척스카이돔'),
(5,  'KIA 타이거즈',         '광주',   '2001', '광주기아챔피언스필드'),
(6,  '삼성 라이온즈',        '대구',   '1982', '대구삼성라이온즈파크'),
(7,  '롯데 자이언츠',        '부산',   '1982', '사직야구장'),
(8,  '한화 이글스',          '대전',   '1986', '한화생명이글스파크'),
(9,  'NC 다이노스',          '창원',   '2011', '창원NC파크'),
(10, 'KT 위즈',              '수원',   '2013', '수원KT위즈파크'),
-- 해체 또는 명칭변경 구단
(11, 'OB 베어스',            '서울',   '1982', '동대문야구장'),
(12, '쌍방울 레이더스',       '전주',   '1991', '전주종합운동장야구장'),
(13, '해태 타이거즈',         '광주',   '1982', '광주무등경기장'),
(14, '삼미 슈퍼스타즈',       '인천',   '1982', '인천도원야구장'),
(15, '청보 핀토스',           '인천',   '1985', '인천도원야구장'),
(16, '태평양 돌핀스',         '인천',   '1988', '인천도원야구장'),
(17, '현대 유니콘스',         '수원',   '1996', '수원야구장'),
(18, 'SK 와이번스',           '인천',   '2000', '인천문학야구장'),
(19, '우리 히어로즈',         '서울',   '2008', '목동야구장'),
(20, '넥센 히어로즈',         '서울',   '2010', '고척스카이돔');


-- 02. insert_PLAYER
INSERT INTO player (
  player_id, team_id, player_name, birth, number, phone, nation, ent_date, height, weight, absence
)
VALUES
-- 타자 10명
  (3001, 1, '박용택',   '1979-04-21', '33', '010-3001-0001', '대한민국', '1998-04-05', 185, 90, NULL),
  (3002, 1, '김현수',   '1988-01-12', '22', '010-3001-0002', '대한민국', '2006-09-02', 188, 105, NULL),
  (3003, 1, '이대형',   '1983-07-19', '31', '010-3001-0003', '대한민국', '2003-04-05', 184, 78, NULL),
  (3004, 1, '이병규',   '1975-06-27', '9',  '010-3001-0004', '대한민국', '1997-04-11', 190, 92, NULL),
  (3005, 1, '이진영',   '1982-04-22', '7',  '010-3001-0005', '대한민국', '2001-04-05', 182, 83, NULL),
  (3006, 1, '이택근',   '1984-03-05', '32', '010-3001-0006', '대한민국', '2007-04-12', 186, 88, NULL),
  (3007, 1, '이천웅',   '1987-04-01', '23', '010-3001-0007', '대한민국', '2010-09-02', 183, 85, NULL),
  (3008, 1, '채은성',   '1990-02-06', '10', '010-3001-0008', '대한민국', '2013-09-02', 186, 89, NULL),
  (3009, 1, '홍창기',   '1993-06-04', '13', '010-3001-0009', '대한민국', '2016-08-11', 180, 82, NULL),
  (3010, 1, '정주현',   '1990-10-13', '77', '010-3001-0010', '대한민국', '2009-11-06', 181, 84, NULL);

-- 투수 12명
INSERT INTO player (
  player_id, team_id, player_name, birth, number, phone, nation, ent_date, height, weight, absence
)
VALUES
(4001,1,'임찬규','1992-11-20','1','010-4001-0001','대한민국','2015-03-28',189,88,NULL),
(4002,1,'엘리에세르 에르난데스','1995-05-03','30','010-4001-0002','베네수엘라','2024-07-20',196,98,NULL),
(4003,1,'요니치리노스','1993-12-26','46','010-4001-0003','베네수엘라','2025-03-22',188,87,NULL),
(4004,1,'장현식','1995-02-24','50','010-4001-0004','대한민국','2013-09-22',193,98,NULL),
(4005,1,'함덕주','1995-01-13','11','010-4001-0005','대한민국','2018-03-15',188,85,NULL),
(4006,1,'김진성','1985-03-07','42','010-4001-0006','대한민국','2005-06-15',180,78,NULL),
(4007,1,'이우찬','1992-08-04','21','010-4001-0007','대한민국','2014-06-15',188,90,NULL),
(4008,1,'박명근','2004-03-27','39','010-4001-0008','대한민국','2025-03-15',185,82,NULL),
(4009,1,'박시원','2006-04-12','19','010-4001-0009','대한민국','2025-03-15',182,80,NULL),
(4010,1,'손주영','1998-12-02','29','010-4001-0010','대한민국','2025-03-15',186,85,NULL),
(4011,1,'김영우','1999-01-14','67','010-4001-0011','대한민국','2025-03-15',185,84,NULL),
(4012,1,'이정용','1996-03-26','31','010-4001-0012','대한민국','2025-03-15',185,80,NULL);

-- 포수 2명
INSERT INTO player (
  player_id, team_id, player_name, birth, number, phone, nation, ent_date, height, weight, absence
)
VALUES
(4101,1,'박동원','1989-08-24','27','010-4101-0001','대한민국','2012-11-01',180,85,NULL),
(4102,1,'김범석','2003-11-15','55','010-4101-0002','대한민국','2025-03-15',185,88,NULL);

-- 내야수 6명
INSERT INTO player (
  player_id, team_id, player_name, birth, number, phone, nation, ent_date, height, weight, absence
)
VALUES
(4201,1,'문보경','1995-06-15','2','010-4201-0001','대한민국','2025-03-15',180,82,NULL),
(4202,1,'신민재','2006-11-18','4','010-4201-0002','대한민국','2025-03-15',185,85,NULL),
(4203,1,'김주성','1995-06-15','5','010-4201-0003','대한민국','2025-03-15',183,84,NULL),
(4204,1,'구본혁','1995-06-15','6','010-4201-0004','대한민국','2025-03-15',182,83,NULL),
(4205,1,'오지환','1990-02-01','10','010-4201-0005','대한민국','2009-09-12',180,80,NULL),
(4206,1,'오스틴 딘','1993-10-14','23','010-4201-0006','미국','2023-04-01',190,100,NULL);


-- 03. insert_STAFF
INSERT INTO staff (staff_id, team_id, role, staff_name, phone, career, hire_date, resignation_date) VALUES
-- 감독
(1, (SELECT team_id FROM team WHERE team_name = 'LG 트윈스'), '감독', '염경엽', '010-1111-0001', '20년', '2022-11-13', NULL),

-- 수석코치 및 작전/주루 코치
(2, (SELECT team_id FROM team WHERE team_name = 'LG 트윈스'), '수석코치', '김정준', '010-1111-0002', '15년', '2023-01-01', NULL),
(3, (SELECT team_id FROM team WHERE team_name = 'LG 트윈스'), '작전코치', '윤진호', '010-1111-0003', '10년', '2022-01-01', NULL),
(4, (SELECT team_id FROM team WHERE team_name = 'LG 트윈스'), '1루 주루코치', '이종범', '010-1111-0004', '25년', '2023-01-01', NULL),
(5, (SELECT team_id FROM team WHERE team_name = 'LG 트윈스'), '3루 주루코치', '김민호', '010-1111-0005', '20년', '2023-01-01', NULL),

-- 투수 코치
(6, (SELECT team_id FROM team WHERE team_name = 'LG 트윈스'), '투수코치', '김경태', '010-1111-0006', '12년', '2023-01-01', NULL),
(7, (SELECT team_id FROM team WHERE team_name = 'LG 트윈스'), '투수코치', '배영수', '010-1111-0007', '10년', '2024-01-01', NULL),
(8, (SELECT team_id FROM team WHERE team_name = 'LG 트윈스'), '불펜코치', '김광삼', '010-1111-0008', '8년', '2023-01-01', NULL),

-- 타격 코치
(9, (SELECT team_id FROM team WHERE team_name = 'LG 트윈스'), '타격코치', '박동원', '010-1111-0009', '15년', '2024-01-01', NULL), -- 2024년은 박동원이 아닌 이호준 코치 (오타 수정)
(10, (SELECT team_id FROM team WHERE team_name = 'LG 트윈스'), '타격코치', '이호준', '010-1111-0010', '18년', '2023-01-01', NULL),

-- 수비/배터리 코치
(11, (SELECT team_id FROM team WHERE team_name = 'LG 트윈스'), '수비코치', '김우석', '010-1111-0011', '10년', '2023-01-01', NULL),
(12, (SELECT team_id FROM team WHERE team_name = 'LG 트윈스'), '배터리코치', '김정민', '010-1111-0012', '12년', '2023-01-01', NULL),
(13, (SELECT team_id FROM team WHERE team_name = 'LG 트윈스'), '감독', '류중일', '010-2222-0001', '20년', '2017-10-11', '2020-11-04'),
(14, (SELECT team_id FROM team WHERE team_name = 'LG 트윈스'), '수석코치', '유지현', '010-2222-0002', '10년', '2018-01-01', '2020-11-04'), -- 2021년 감독 부임
(15, (SELECT team_id FROM team WHERE team_name = 'LG 트윈스'), '투수코치', '최일언', '010-2222-0003', '15년', '2018-01-01', '2020-11-04'),
(16, (SELECT team_id FROM team WHERE team_name = 'LG 트윈스'), '타격코치', '박용택', '010-2222-0004', '10년', '2019-01-01', '2020-11-04'), -- 박용택은 2020년 은퇴 (코치 X) 다른 이름으로 변경
(17, (SELECT team_id FROM team WHERE team_name = 'LG 트윈스'), '타격코치', '이병규', '010-2222-0005', '8년', '2018-01-01', '2020-11-04'),
(18, (SELECT team_id FROM team WHERE team_name = 'LG 트윈스'), '감독', '양상문', '010-3333-0001', '18년', '2014-05-11', '2017-10-11'), -- 양상문 감독 시절 (2014-2016) 일부
(19, (SELECT team_id FROM team WHERE team_name = 'LG 트윈스'), '투수코치', '강상수', '010-3333-0002', '10년', '2014-01-01', '2017-01-01'),
(20, (SELECT team_id FROM team WHERE team_name = 'LG 트윈스'), '타격코치', '서용빈', '010-3333-0003', '8년', '2014-01-01', '2017-01-01'); 


-- 04. insert_CONTRACT
INSERT INTO contract (payment, year_salary, contract_start, contract_end, player_id, team_id) 
VALUES
(500000000, 300000000, '2023-03-15', '2026-03-14', 3001, 1),
(700000000, 420000000, '2024-07-20', '2027-07-19', 3002, 1),
(300000000, 180000000, '2024-03-15', '2026-03-14', 3003, 1),
(600000000, 350000000, '2024-04-01', '2027-03-31', 3004, 1),
(450000000, 250000000, '2025-01-01', '2028-12-31', 3005, 1),
(320000000, 170000000, '2025-03-01', '2027-02-28', 3006, 1),
(400000000, 200000000, '2025-03-01', '2028-02-28', 3007, 1),
(600000000, 330000000, '2023-03-15', '2025-03-14', 3008, 1),
(250000000, 120000000, '2023-03-15', '2025-03-14', 3009, 1),
(300000000, 150000000, '2024-03-15', '2026-03-14', 3010, 1),
(280000000, 160000000, '2024-03-15', '2027-03-14', 4001, 1),
(800000000, 500000000, '2024-07-20', '2028-07-19', 4002, 1),
(750000000, 450000000, '2025-03-22', '2028-03-21', 4003, 1),
(200000000, 110000000, '2023-03-15', '2025-03-14', 4004, 1),
(230000000, 130000000, '2024-03-15', '2026-03-14', 4005, 1),
(210000000, 120000000, '2023-03-15', '2026-03-14', 4006, 1),
(270000000, 150000000, '2023-03-15', '2025-03-14', 4007, 1),
(220000000, 140000000, '2023-03-15', '2025-03-14', 4008, 1),
(240000000, 145000000, '2024-03-15', '2026-03-14', 4009, 1),
(260000000, 155000000, '2025-03-15', '2027-03-14', 4010, 1),
(290000000, 160000000, '2025-03-15', '2028-03-14', 4011, 1),
(400000000, 220000000, '2025-03-15', '2028-03-14', 4012, 1),
(330000000, 170000000, '2023-03-15', '2026-03-14', 4101, 1),
(310000000, 165000000, '2023-03-15', '2025-03-14', 4102, 1),
(550000000, 300000000, '2025-03-15', '2027-03-14', 4201, 1),
(370000000, 210000000, '2025-03-15', '2027-03-14', 4202, 1),
(580000000, 330000000, '2025-03-15', '2028-03-14', 4203, 1),
(600000000, 350000000, '2025-03-15', '2029-03-14', 4204, 1),
(700000000, 400000000, '2025-03-15', '2028-03-14', 4205, 1),
(800000000, 500000000, '2025-03-15', '2028-03-14', 4206, 1);


-- 05. insert_TRAIN
INSERT INTO train (player_id, date, location, content) 
VALUES 
(3009, '2025-06-01', '잠실야구장', '기초 체력 훈련'),
(4206, '2025-06-02', '잠실야구장', '타격 연습'),
(4202, '2025-06-03', '잠실야구장', '수비 포지션 훈련'),
(4205, '2025-06-04', '잠실야구장', '주루 훈련'),
(4003, '2025-06-05', '잠실야구장', '스트레칭 및 웜업'),
(4201, '2025-06-06', '잠실야구장', '타격 자세 교정'),
(4006, '2025-06-07', '잠실야구장', '피칭 훈련'),
(4205, '2025-06-08', '잠실야구장', '실전 연습 경기'),
(3009, '2025-06-09', '잠실야구장', '수비 시나리오 훈련'),
(3002, '2025-06-10', '잠실야구장', '전술 브리핑');


-- 06. insert_POSITION
INSERT INTO position (position_id, position_name) VALUES
(1, '투수'),
(2, '포수'),
(3, '1루수'),
(4, '2루수'),
(5, '3루수'),
(6, '유격수'),
(7, '좌익수'),
(8, '중견수'),
(9, '우익수'),
(10, '지명타자');

-- 07. insert_PLAYER_POSITION
INSERT INTO player_position (player_id, position_id, is_main_position) VALUES
(3001, 3, TRUE),
(3002, 9, TRUE),
(3003, 8, TRUE),
(3004, 5, TRUE),
(3005, 7, TRUE),
(3006, 4, TRUE),
(3007, 8, TRUE),
(3008, 7, TRUE),
(3009, 9, TRUE),
(3010, 10, TRUE),
(4001, 1, TRUE),
(4002, 1, TRUE),
(4003, 1, TRUE),
(4004, 1, TRUE),
(4005, 1, TRUE),
(4006, 1, TRUE),
(4007, 1, TRUE),
(4008, 1, TRUE),
(4009, 1, TRUE),
(4010, 1, TRUE),
(4011, 1, TRUE),
(4012, 1, TRUE),
(4101, 2, TRUE),
(4102, 2, TRUE),
(4201, 6, TRUE),
(4202, 6, TRUE),
(4203, 3, TRUE),
(4204, 4, TRUE),
(4205, 6, TRUE),
(4206, 10, TRUE);


-- 08. insert_GAME
INSERT INTO `game` (`game_id`,`home`,`away`,`start_time`,`end_time`,`win`,`lose`,`home_score`,`away_score`,`stadium`) VALUES
  (1001, 5, 1, '2020-06-22 18:00:00', '2020-06-22 21:00:00', 5, 1, 10, 0, '광주기아챔피언스필드'),
  (1002, 8, 1, '2020-07-09 18:00:00', '2020-07-09 21:00:00', 8, 1, 7, 5, '한화생명이글스파크'),
  (1003, 4, 1, '2020-09-27 18:00:00', '2020-09-27 21:00:00', 1, 4, 1, 8, '고척스카이돔'),
  (1004, 5, 1, '2020-05-09 18:00:00', '2020-05-09 21:00:00', 1, 5, 1, 4, '광주기아챔피언스필드'),
  (1005, 1, 10, '2020-09-09 18:00:00', '2020-09-09 21:00:00', 10, 1, 2, 3, '잠실야구장'),
  (1006, 10, 1, '2020-06-07 18:00:00', '2020-06-07 21:00:00', 1, 10, 0, 8, '수원KT위즈파크'),
  (1007, 5, 1, '2020-06-08 18:00:00', '2020-06-08 21:00:00', 5, 1, 10, 6, '광주기아챔피언스필드'),
  (1008, 1, 8, '2020-09-16 18:00:00', '2020-09-16 21:00:00', 8, 1, 6, 10, '잠실야구장'),
  (1009, 4, 1, '2020-09-02 18:00:00', '2020-09-02 21:00:00', 0, 0, 8, 8, '고척스카이돔'),
  (1010, 3, 1, '2020-09-11 18:00:00', '2020-09-11 21:00:00', 1, 3, 1, 6, '인천SSG랜더스필드'),
  (1011, 4, 1, '2020-06-25 18:00:00', '2020-06-25 21:00:00', 1, 4, 0, 3, '고척스카이돔'),
  (1012, 1, 6, '2020-05-20 18:00:00', '2020-05-20 21:00:00', 0, 0, 8, 8, '잠실야구장'),
  (1013, 5, 1, '2020-09-04 18:00:00', '2020-09-04 21:00:00', 5, 1, 7, 4, '광주기아챔피언스필드'),
  (1014, 1, 3, '2020-05-03 18:00:00', '2020-05-03 21:00:00', 3, 1, 0, 1, '잠실야구장'),
  (1015, 1, 7, '2020-06-07 18:00:00', '2020-06-07 21:00:00', 7, 1, 7, 8, '잠실야구장'),
  (1016, 10, 1, '2020-07-19 18:00:00', '2020-07-19 21:00:00', 10, 1, 4, 0, '수원KT위즈파크'),
  (1017, 1, 3, '2020-06-22 18:00:00', '2020-06-22 21:00:00', 1, 3, 7, 1, '잠실야구장'),
  (1018, 3, 1, '2020-06-22 18:00:00', '2020-06-22 21:00:00', 3, 1, 8, 0, '인천SSG랜더스필드'),
  (1019, 2, 1, '2020-05-02 18:00:00', '2020-05-02 21:00:00', 0, 0, 6, 6, '잠실야구장'),
  (1020, 8, 1, '2020-08-06 18:00:00', '2020-08-06 21:00:00', 8, 1, 9, 1, '한화생명이글스파크'),
  (2001, 6, 1, '2021-05-01 18:00:00', '2021-05-01 21:00:00', 6, 1, 10, 2, '대구삼성라이온즈파크'),
  (2002, 1, 6, '2021-06-18 18:00:00', '2021-06-18 21:00:00', 1, 6, 10, 5, '잠실야구장'),
  (2003, 1, 8, '2021-07-19 18:00:00', '2021-07-19 21:00:00', 1, 8, 5, 4, '잠실야구장'),
  (2004, 4, 1, '2021-06-01 18:00:00', '2021-06-01 21:00:00', 4, 1, 10, 5, '고척스카이돔'),
  (2005, 1, 6, '2021-09-22 18:00:00', '2021-09-22 21:00:00', 6, 1, 4, 9, '잠실야구장'),
  (2006, 9, 1, '2021-08-01 18:00:00', '2021-08-01 21:00:00', 9, 1, 8, 2, '창원NC파크'),
  (2007, 2, 1, '2021-06-08 18:00:00', '2021-06-08 21:00:00', 1, 2, 0, 4, '잠실야구장'),
  (2008, 1, 9, '2021-09-22 18:00:00', '2021-09-22 21:00:00', 9, 1, 5, 7, '잠실야구장'),
  (2009, 8, 1, '2021-07-23 18:00:00', '2021-07-23 21:00:00', 1, 8, 1, 3, '한화생명이글스파크'),
  (2010, 5, 1, '2021-05-06 18:00:00', '2021-05-06 21:00:00', 1, 5, 3, 8, '광주기아챔피언스필드'),
  (2011, 1, 8, '2021-08-13 18:00:00', '2021-08-13 21:00:00', 1, 8, 1, 0, '잠실야구장'),
  (2012, 6, 1, '2021-06-11 18:00:00', '2021-06-11 21:00:00', 1, 6, 0, 1, '대구삼성라이온즈파크'),
  (2013, 1, 7, '2021-09-05 18:00:00', '2021-09-05 21:00:00', 1, 7, 10, 3, '잠실야구장'),
  (2014, 10, 1, '2021-06-22 18:00:00', '2021-06-22 21:00:00', 1, 10, 9, 10, '수원KT위즈파크'),
  (2015, 7, 1, '2021-08-16 18:00:00', '2021-08-16 21:00:00', 1, 7, 1, 3, '사직야구장'),
  (2016, 1, 2, '2021-09-16 18:00:00', '2021-09-16 21:00:00', 1, 2, 3, 0, '잠실야구장'),
  (2017, 1, 4, '2021-06-26 18:00:00', '2021-06-26 21:00:00', 4, 1, 2, 10, '잠실야구장'),
  (2018, 5, 1, '2021-09-12 18:00:00', '2021-09-12 21:00:00', 1, 5, 0, 6, '광주기아챔피언스필드'),
  (2019, 1, 10, '2021-09-20 18:00:00', '2021-09-20 21:00:00', 0, 0, 4, 4, '잠실야구장'),
  (2020, 1, 2, '2021-06-28 18:00:00', '2021-06-28 21:00:00', 1, 2, 4, 1, '잠실야구장'),
  (3001, 1, 5, '2022-06-01 18:00:00', '2022-06-01 21:00:00', 5, 1, 8, 10, '잠실야구장'),
  (3002, 1, 8, '2022-05-22 18:00:00', '2022-05-22 21:00:00', 1, 8, 9, 0, '잠실야구장'),
  (3003, 2, 1, '2022-06-09 18:00:00', '2022-06-09 21:00:00', 2, 1, 9, 0, '잠실야구장'),
  (3004, 9, 1, '2022-09-17 18:00:00', '2022-09-17 21:00:00', 1, 9, 3, 4, '창원NC파크'),
  (3005, 10, 1, '2022-07-02 18:00:00', '2022-07-02 21:00:00', 10, 1, 4, 2, '수원KT위즈파크'),
  (3006, 8, 1, '2022-09-23 18:00:00', '2022-09-23 21:00:00', 8, 1, 8, 3, '한화생명이글스파크'),
  (3007, 10, 1, '2022-05-26 18:00:00', '2022-05-26 21:00:00', 0, 0, 8, 8, '수원KT위즈파크'),
  (3008, 1, 10, '2022-06-13 18:00:00', '2022-06-13 21:00:00', 1, 10, 10, 0, '잠실야구장'),
  (3009, 1, 7, '2022-08-18 18:00:00', '2022-08-18 21:00:00', 1, 7, 10, 7, '잠실야구장'),
  (3010, 8, 1, '2022-09-11 18:00:00', '2022-09-11 21:00:00', 8, 1, 4, 3, '한화생명이글스파크'),
  (3011, 9, 1, '2022-06-16 18:00:00', '2022-06-16 21:00:00', 9, 1, 7, 5, '창원NC파크'),
  (3012, 1, 10, '2022-06-19 18:00:00', '2022-06-19 21:00:00', 10, 1, 7, 8, '잠실야구장'),
  (3013, 3, 1, '2022-05-13 18:00:00', '2022-05-13 21:00:00', 0, 0, 5, 5, '인천SSG랜더스필드'),
  (3014, 3, 1, '2022-07-25 18:00:00', '2022-07-25 21:00:00', 3, 1, 5, 3, '인천SSG랜더스필드'),
  (3015, 1, 4, '2022-09-27 18:00:00', '2022-09-27 21:00:00', 4, 1, 0, 4, '잠실야구장'),
  (3016, 2, 1, '2022-08-28 18:00:00', '2022-08-28 21:00:00', 2, 1, 7, 4, '잠실야구장'),
  (3017, 6, 1, '2022-06-19 18:00:00', '2022-06-19 21:00:00', 1, 6, 4, 7, '대구삼성라이온즈파크'),
  (3018, 3, 1, '2022-05-18 18:00:00', '2022-05-18 21:00:00', 0, 0, 1, 1, '인천SSG랜더스필드'),
  (3019, 1, 6, '2022-08-08 18:00:00', '2022-08-08 21:00:00', 0, 0, 10, 10, '잠실야구장'),
  (3020, 2, 1, '2022-08-07 18:00:00', '2022-08-07 21:00:00', 1, 2, 0, 6, '잠실야구장'),
  (4001, 1, 3, '2023-08-10 18:00:00', '2023-08-10 21:00:00', 1, 3, 10, 8, '잠실야구장'),
  (4002, 1, 8, '2023-06-07 18:00:00', '2023-06-07 21:00:00', 8, 1, 3, 9, '잠실야구장'),
  (4003, 1, 7, '2023-06-01 18:00:00', '2023-06-01 21:00:00', 7, 1, 2, 9, '잠실야구장'),
  (4004, 1, 8, '2023-06-08 18:00:00', '2023-06-08 21:00:00', 1, 8, 9, 2, '잠실야구장'),
  (4005, 1, 6, '2023-07-06 18:00:00', '2023-07-06 21:00:00', 1, 6, 4, 0, '잠실야구장'),
  (4006, 2, 1, '2023-06-18 18:00:00', '2023-06-18 21:00:00', 1, 2, 2, 5, '잠실야구장'),
  (4007, 8, 1, '2023-06-21 18:00:00', '2023-06-21 21:00:00', 8, 1, 9, 5, '한화생명이글스파크'),
  (4008, 1, 8, '2023-05-07 18:00:00', '2023-05-07 21:00:00', 1, 8, 8, 6, '잠실야구장'),
  (4009, 1, 4, '2023-06-17 18:00:00', '2023-06-17 21:00:00', 1, 4, 6, 3, '잠실야구장'),
  (4010, 5, 1, '2023-05-23 18:00:00', '2023-05-23 21:00:00', 5, 1, 10, 0, '광주기아챔피언스필드'),
  (4011, 1, 6, '2023-05-05 18:00:00', '2023-05-05 21:00:00', 0, 0, 2, 2, '잠실야구장'),
  (4012, 1, 9, '2023-08-18 18:00:00', '2023-08-18 21:00:00', 9, 1, 2, 6, '잠실야구장'),
  (4013, 6, 1, '2023-09-07 18:00:00', '2023-09-07 21:00:00', 1, 6, 1, 2, '대구삼성라이온즈파크'),
  (4014, 1, 8, '2023-08-25 18:00:00', '2023-08-25 21:00:00', 1, 8, 8, 2, '잠실야구장'),
  (4015, 6, 1, '2023-08-15 18:00:00', '2023-08-15 21:00:00', 0, 0, 0, 0, '대구삼성라이온즈파크'),
  (4016, 9, 1, '2023-05-09 18:00:00', '2023-05-09 21:00:00', 1, 9, 3, 8, '창원NC파크'),
  (4017, 1, 10, '2023-05-08 18:00:00', '2023-05-08 21:00:00', 1, 10, 6, 2, '잠실야구장'),
  (4018, 1, 8, '2023-07-01 18:00:00', '2023-07-01 21:00:00', 8, 1, 7, 9, '잠실야구장'),
  (4019, 1, 10, '2023-05-13 18:00:00', '2023-05-13 21:00:00', 1, 10, 6, 4, '잠실야구장'),
  (4020, 1, 9, '2023-07-10 18:00:00', '2023-07-10 21:00:00', 9, 1, 3, 8, '잠실야구장'),
  (5001, 5, 1, '2024-09-21 18:00:00', '2024-09-21 21:00:00', 1, 5, 7, 8, '광주기아챔피언스필드'),
  (5002, 9, 1, '2024-08-08 18:00:00', '2024-08-08 21:00:00', 9, 1, 5, 1, '창원NC파크'),
  (5003, 1, 4, '2024-06-27 18:00:00', '2024-06-27 21:00:00', 1, 4, 2, 1, '잠실야구장'),
  (5004, 9, 1, '2024-05-17 18:00:00', '2024-05-17 21:00:00', 1, 9, 7, 9, '창원NC파크'),
  (5005, 1, 6, '2024-09-18 18:00:00', '2024-09-18 21:00:00', 6, 1, 8, 10, '잠실야구장'),
  (5006, 10, 1, '2024-06-20 18:00:00', '2024-06-20 21:00:00', 10, 1, 6, 2, '수원KT위즈파크'),
  (5007, 1, 3, '2024-09-18 18:00:00', '2024-09-18 21:00:00', 1, 3, 8, 5, '잠실야구장'),
  (5008, 6, 1, '2024-05-16 18:00:00', '2024-05-16 21:00:00', 6, 1, 7, 0, '대구삼성라이온즈파크'),
  (5009, 1, 7, '2024-08-17 18:00:00', '2024-08-17 21:00:00', 0, 0, 0, 0, '잠실야구장'),
  (5010, 1, 2, '2024-08-03 18:00:00', '2024-08-03 21:00:00', 2, 1, 3, 6, '잠실야구장'),
  (5011, 1, 4, '2024-09-13 18:00:00', '2024-09-13 21:00:00', 4, 1, 0, 8, '잠실야구장'),
  (5012, 5, 1, '2024-05-13 18:00:00', '2024-05-13 21:00:00', 1, 5, 2, 9, '광주기아챔피언스필드'),
  (5013, 3, 1, '2024-05-08 18:00:00', '2024-05-08 21:00:00', 3, 1, 7, 2, '인천SSG랜더스필드'),
  (5014, 1, 7, '2024-08-10 18:00:00', '2024-08-10 21:00:00', 7, 1, 4, 8, '잠실야구장'),
  (5015, 1, 7, '2024-09-19 18:00:00', '2024-09-19 21:00:00', 1, 7, 8, 5, '잠실야구장'),
  (5016, 1, 2, '2024-07-07 18:00:00', '2024-07-07 21:00:00', 2, 1, 6, 9, '잠실야구장'),
  (5017, 1, 10, '2024-06-04 18:00:00', '2024-06-04 21:00:00', 1, 10, 5, 4, '잠실야구장'),
  (5018, 1, 9, '2024-07-03 18:00:00', '2024-07-03 21:00:00', 1, 9, 8, 5, '잠실야구장'),
  (5019, 1, 9, '2024-07-03 18:00:00', '2024-07-03 21:00:00', 9, 1, 2, 10, '잠실야구장'),
  (5020, 1, 7, '2024-08-03 18:00:00', '2024-08-03 21:00:00', 1, 7, 5, 2, '잠실야구장');

-- 09. insert_PERMISSION
INSERT INTO permission (`permission_id`, perimission_name) 
VALUES
(1, '일반 사용자'),
(2, '구단 관리자'),
(3, '선수 관리자'),
(4, '슈퍼 관리자');

-- 10. insert_TEAM_RECORD
INSERT INTO team_record (team_id, season, game_count, win_count, draw_count, lose_count, winning_per) VALUES
-- 1990년대
( (SELECT team_id FROM team WHERE team_name = 'LG 트윈스'), 1990, 120, 71, 0, 49, 0.592),
( (SELECT team_id FROM team WHERE team_name = 'LG 트윈스'), 1991, 126, 53, 1, 72, 0.424),
( (SELECT team_id FROM team WHERE team_name = 'LG 트윈스'), 1992, 126, 53, 3, 70, 0.431),
( (SELECT team_id FROM team WHERE team_name = 'LG 트윈스'), 1993, 126, 66, 3, 57, 0.537),
( (SELECT team_id FROM team WHERE team_name = 'LG 트윈스'), 1994, 126, 81, 0, 45, 0.643),
( (SELECT team_id FROM team WHERE team_name = 'LG 트윈스'), 1995, 126, 74, 4, 48, 0.607),
( (SELECT team_id FROM team WHERE team_name = 'LG 트윈스'), 1996, 126, 50, 5, 71, 0.413),
( (SELECT team_id FROM team WHERE team_name = 'LG 트윈스'), 1997, 126, 73, 2, 51, 0.589),
( (SELECT team_id FROM team WHERE team_name = 'LG 트윈스'), 1998, 126, 63, 1, 62, 0.504),
( (SELECT team_id FROM team WHERE team_name = 'LG 트윈스'), 1999, 132, 61, 1, 70, 0.466),

-- 2000년대
( (SELECT team_id FROM team WHERE team_name = 'LG 트윈스'), 2000, 133, 67, 3, 63, 0.515),
( (SELECT team_id FROM team WHERE team_name = 'LG 트윈스'), 2001, 133, 58, 8, 67, 0.464),
( (SELECT team_id FROM team WHERE team_name = 'LG 트윈스'), 2002, 133, 66, 6, 61, 0.520),
( (SELECT team_id FROM team WHERE team_name = 'LG 트윈스'), 2003, 133, 60, 2, 71, 0.458),
( (SELECT team_id FROM team WHERE team_name = 'LG 트윈스'), 2004, 133, 59, 4, 70, 0.457),
( (SELECT team_id FROM team WHERE team_name = 'LG 트윈스'), 2005, 126, 54, 1, 71, 0.432),
( (SELECT team_id FROM team WHERE team_name = 'LG 트윈스'), 2006, 126, 47, 4, 75, 0.385),
( (SELECT team_id FROM team WHERE team_name = 'LG 트윈스'), 2007, 126, 58, 6, 62, 0.483),
( (SELECT team_id FROM team WHERE team_name = 'LG 트윈스'), 2008, 126, 46, 0, 80, 0.365),
( (SELECT team_id FROM team WHERE team_name = 'LG 트윈스'), 2009, 133, 62, 5, 66, 0.484),

-- 2010년대
( (SELECT team_id FROM team WHERE team_name = 'LG 트윈스'), 2010, 133, 57, 1, 75, 0.432),
( (SELECT team_id FROM team WHERE team_name = 'LG 트윈스'), 2011, 133, 59, 2, 72, 0.450),
( (SELECT team_id FROM team WHERE team_name = 'LG 트윈스'), 2012, 133, 62, 5, 66, 0.484),
( (SELECT team_id FROM team WHERE team_name = 'LG 트윈스'), 2013, 128, 74, 2, 52, 0.587),
( (SELECT team_id FROM team WHERE team_name = 'LG 트윈스'), 2014, 128, 62, 2, 64, 0.492),
( (SELECT team_id FROM team WHERE team_name = 'LG 트윈스'), 2015, 144, 64, 2, 78, 0.451),
( (SELECT team_id FROM team WHERE team_name = 'LG 트윈스'), 2016, 144, 71, 2, 71, 0.500),
( (SELECT team_id FROM team WHERE team_name = 'LG 트윈스'), 2017, 144, 69, 3, 72, 0.489),
( (SELECT team_id FROM team WHERE team_name = 'LG 트윈스'), 2018, 144, 68, 1, 75, 0.476),
( (SELECT team_id FROM team WHERE team_name = 'LG 트윈스'), 2019, 144, 79, 1, 64, 0.552),

-- 2020년대
( (SELECT team_id FROM team WHERE team_name = 'LG 트윈스'), 2020, 144, 79, 4, 61, 0.564),
( (SELECT team_id FROM team WHERE team_name = 'LG 트윈스'), 2021, 144, 72, 14, 58, 0.554),
( (SELECT team_id FROM team WHERE team_name = 'LG 트윈스'), 2022, 144, 87, 2, 55, 0.613),
( (SELECT team_id FROM team WHERE team_name = 'LG 트윈스'), 2023, 144, 86, 2, 56, 0.606),
( (SELECT team_id FROM team WHERE team_name = 'LG 트윈스'), 2024, 144, 76, 2, 66, 0.535); -- 2024년 (진행 중인 시즌, 예상 최종 기록)

INSERT INTO team_record (team_id, season, game_count, win_count, draw_count, lose_count, winning_per) VALUES
-- Samsung Lions (2015~2024)
((SELECT team_id FROM team WHERE team_name='삼성 라이온즈'), 2015, 144, 71, 5, 68, ROUND(71/(144-5), 3)),
((SELECT team_id FROM team WHERE team_name='삼성 라이온즈'), 2016, 144, 78, 4, 62, ROUND(78/(144-4), 3)),
((SELECT team_id FROM team WHERE team_name='삼성 라이온즈'), 2017, 144, 70, 5, 69, ROUND(70/(144-5), 3)),
((SELECT team_id FROM team WHERE team_name='삼성 라이온즈'), 2018, 144, 59, 4, 81, ROUND(59/(144-4), 3)),
((SELECT team_id FROM team WHERE team_name='삼성 라이온즈'), 2019, 144, 68, 6, 70, ROUND(68/(144-6), 3)),
((SELECT team_id FROM team WHERE team_name='삼성 라이온즈'), 2020, 144, 67, 5, 72, ROUND(67/(144-5), 3)),
((SELECT team_id FROM team WHERE team_name='삼성 라이온즈'), 2021, 144, 70, 7, 67, ROUND(70/(144-7), 3)),
((SELECT team_id FROM team WHERE team_name='삼성 라이온즈'), 2022, 144, 60, 5, 79, ROUND(60/(144-5), 3)),
((SELECT team_id FROM team WHERE team_name='삼성 라이온즈'), 2023, 144, 75, 4, 65, ROUND(75/(144-4), 3)),
((SELECT team_id FROM team WHERE team_name='삼성 라이온즈'), 2024, 144, 72, 4, 68, ROUND(72/(144-4), 3)),

-- KIA Tigers (2015~2024)
((SELECT team_id FROM team WHERE team_name='KIA 타이거즈'), 2015, 144, 72, 5, 67, ROUND(72/(144-5), 3)),
((SELECT team_id FROM team WHERE team_name='KIA 타이거즈'), 2016, 144, 78, 3, 63, ROUND(78/(144-3), 3)),
((SELECT team_id FROM team WHERE team_name='KIA 타이거즈'), 2017, 144, 76, 3, 65, ROUND(76/(144-3), 3)),
((SELECT team_id FROM team WHERE team_name='KIA 타이거즈'), 2018, 144, 59, 4, 81, ROUND(59/(144-4), 3)),
((SELECT team_id FROM team WHERE team_name='KIA 타이거즈'), 2019, 144, 75, 6, 63, ROUND(75/(144-6), 3)),
((SELECT team_id FROM team WHERE team_name='KIA 타이거즈'), 2020, 144, 77, 5, 62, ROUND(77/(144-5), 3)),
((SELECT team_id FROM team WHERE team_name='KIA 타이거즈'), 2021, 144, 80, 5, 59, ROUND(80/(144-5), 3)),
((SELECT team_id FROM team WHERE team_name='KIA 타이거즈'), 2022, 144, 85, 2, 57, ROUND(85/(144-2), 3)),
((SELECT team_id FROM team WHERE team_name='KIA 타이거즈'), 2023, 144, 70, 4, 70, ROUND(70/(144-4), 3)),
((SELECT team_id FROM team WHERE team_name='KIA 타이거즈'), 2024, 144, 74, 3, 67, ROUND(74/(144-3), 3)),

-- Lotte Giants (2015~2024)
((SELECT team_id FROM team WHERE team_name='롯데 자이언츠'), 2015, 144, 51, 1, 92, ROUND(51/(144-1), 3)),
((SELECT team_id FROM team WHERE team_name='롯데 자이언츠'), 2016, 144, 67, 5, 72, ROUND(67/(144-5), 3)),
((SELECT team_id FROM team WHERE team_name='롯데 자이언츠'), 2017, 144, 59, 2, 83, ROUND(59/(144-2), 3)),
((SELECT team_id FROM team WHERE team_name='롯데 자이언츠'), 2018, 144, 67, 3, 74, ROUND(67/(144-3), 3)),
((SELECT team_id FROM team WHERE team_name='롯데 자이언츠'), 2019, 144, 71, 3, 70, ROUND(71/(144-3), 3)),
((SELECT team_id FROM team WHERE team_name='롯데 자이언츠'), 2020, 144, 72, 6, 66, ROUND(72/(144-6), 3)),
((SELECT team_id FROM team WHERE team_name='롯데 자이언츠'), 2021, 144, 77, 4, 63, ROUND(77/(144-4), 3)),
((SELECT team_id FROM team WHERE team_name='롯데 자이언츠'), 2022, 144, 61, 4, 79, ROUND(61/(144-4), 3)),
((SELECT team_id FROM team WHERE team_name='롯데 자이언츠'), 2023, 144, 58, 5, 81, ROUND(58/(144-5), 3)),
((SELECT team_id FROM team WHERE team_name='롯데 자이언츠'), 2024, 144, 63, 3, 78, ROUND(63/(144-3), 3)),

-- Hanwha Eagles (2015~2024)
((SELECT team_id FROM team WHERE team_name='한화 이글스'), 2015, 144, 38, 1, 105, ROUND(38/(144-1), 3)),
((SELECT team_id FROM team WHERE team_name='한화 이글스'), 2016, 144, 47, 3, 94, ROUND(47/(144-3), 3)),
((SELECT team_id FROM team WHERE team_name='한화 이글스'), 2017, 144, 58, 5, 81, ROUND(58/(144-5), 3)),
((SELECT team_id FROM team WHERE team_name='한화 이글스'), 2018, 144, 54, 2, 88, ROUND(54/(144-2), 3)),
((SELECT team_id FROM team WHERE team_name='한화 이글스'), 2019, 144, 59, 3, 82, ROUND(59/(144-3), 3)),
((SELECT team_id FROM team WHERE team_name='한화 이글스'), 2020, 144, 26, 10, 88, ROUND(26/(144-10), 3)),
((SELECT team_id FROM team WHERE team_name='한화 이글스'), 2021, 144, 47, 6, 85, ROUND(47/(144-6), 3)),
((SELECT team_id FROM team WHERE team_name='한화 이글스'), 2022, 144, 46, 7, 91, ROUND(46/(144-7), 3)),
((SELECT team_id FROM team WHERE team_name='한화 이글스'), 2023, 144, 53, 8, 83, ROUND(53/(144-8), 3)),
((SELECT team_id FROM team WHERE team_name='한화 이글스'), 2024, 144, 48, 7, 89, ROUND(48/(144-7), 3));

INSERT INTO team_record (team_id, season, game_count, win_count, draw_count, lose_count, winning_per) VALUES
-- NC Dinos (2015~2024)
((SELECT team_id FROM team WHERE team_name='NC 다이노스'), 2015, 144, 72, 3, 69, ROUND(72/(144-3),3)),
((SELECT team_id FROM team WHERE team_name='NC 다이노스'), 2016, 144, 68, 4, 72, ROUND(68/(144-4),3)),
((SELECT team_id FROM team WHERE team_name='NC 다이노스'), 2017, 144, 70, 6, 68, ROUND(70/(144-6),3)),
((SELECT team_id FROM team WHERE team_name='NC 다이노스'), 2018, 144, 67, 3, 74, ROUND(67/(144-3),3)),
((SELECT team_id FROM team WHERE team_name='NC 다이노스'), 2019, 144, 74, 3, 67, ROUND(74/(144-3),3)),
((SELECT team_id FROM team WHERE team_name='NC 다이노스'), 2020, 144, 81, 2, 61, ROUND(81/(144-2),3)),
((SELECT team_id FROM team WHERE team_name='NC 다이노스'), 2021, 144, 78, 3, 63, ROUND(78/(144-3),3)),
((SELECT team_id FROM team WHERE team_name='NC 다이노스'), 2022, 144, 77, 4, 63, ROUND(77/(144-4),3)),
((SELECT team_id FROM team WHERE team_name='NC 다이노스'), 2023, 144, 73, 4, 67, ROUND(73/(144-4),3)),
((SELECT team_id FROM team WHERE team_name='NC 다이노스'), 2024, 144, 76, 5, 63, ROUND(76/(144-5),3)),

-- Doosan Bears (2015~2024)
((SELECT team_id FROM team WHERE team_name='두산 베어스'), 2015, 144, 79, 3, 62, ROUND(79/(144-3),3)),
((SELECT team_id FROM team WHERE team_name='두산 베어스'), 2016, 144, 83, 4, 57, ROUND(83/(144-4),3)),
((SELECT team_id FROM team WHERE team_name='두산 베어스'), 2017, 144, 84, 2, 58, ROUND(84/(144-2),3)),
((SELECT team_id FROM team WHERE team_name='두산 베어스'), 2018, 144, 74, 4, 66, ROUND(74/(144-4),3)),
((SELECT team_id FROM team WHERE team_name='두산 베어스'), 2019, 144, 79, 2, 63, ROUND(79/(144-2),3)),
((SELECT team_id FROM team WHERE team_name='두산 베어스'), 2020, 144, 83, 1, 59, ROUND(83/(144-1),3)),
((SELECT team_id FROM team WHERE team_name='두산 베어스'), 2021, 144, 79, 3, 62, ROUND(79/(144-3),3)),
((SELECT team_id FROM team WHERE team_name='두산 베어스'), 2022, 144, 67, 5, 72, ROUND(67/(144-5),3)),
((SELECT team_id FROM team WHERE team_name='두산 베어스'), 2023, 144, 60, 4, 80, ROUND(60/(144-4),3)),
((SELECT team_id FROM team WHERE team_name='두산 베어스'), 2024, 144, 68, 3, 73, ROUND(68/(144-3),3)),

-- KT Wiz (2015~2024)
((SELECT team_id FROM team WHERE team_name='KT 위즈'), 2015, 144, 46, 6, 92, ROUND(46/(144-6),3)),
((SELECT team_id FROM team WHERE team_name='KT 위즈'), 2016, 144, 41, 5, 98, ROUND(41/(144-5),3)),
((SELECT team_id FROM team WHERE team_name='KT 위즈'), 2017, 144, 59, 3, 82, ROUND(59/(144-3),3)),
((SELECT team_id FROM team WHERE team_name='KT 위즈'), 2018, 144, 50, 6, 88, ROUND(50/(144-6),3)),
((SELECT team_id FROM team WHERE team_name='KT 위즈'), 2019, 144, 77, 4, 63, ROUND(77/(144-4),3)),
((SELECT team_id FROM team WHERE team_name='KT 위즈'), 2020, 144, 81, 4, 59, ROUND(81/(144-4),3)),
((SELECT team_id FROM team WHERE team_name='KT 위즈'), 2021, 144, 65, 3, 76, ROUND(65/(144-3),3)),
((SELECT team_id FROM team WHERE team_name='KT 위즈'), 2022, 144, 65, 4, 75, ROUND(65/(144-4),3)),
((SELECT team_id FROM team WHERE team_name='KT 위즈'), 2023, 144, 68, 4, 72, ROUND(68/(144-4),3)),
((SELECT team_id FROM team WHERE team_name='KT 위즈'), 2024, 144, 70, 3, 71, ROUND(70/(144-3),3)),

-- SSG Landers (formerly SK Wyverns) (2015~2024)
((SELECT team_id FROM team WHERE team_name='SSG 랜더스'), 2015, 144, 81, 3, 60, ROUND(81/(144-3),3)),
((SELECT team_id FROM team WHERE team_name='SSG 랜더스'), 2016, 144, 78, 3, 63, ROUND(78/(144-3),3)),
((SELECT team_id FROM team WHERE team_name='SSG 랜더스'), 2017, 144, 78, 2, 64, ROUND(78/(144-2),3)),
((SELECT team_id FROM team WHERE team_name='SSG 랜더스'), 2018, 144, 66, 3, 75, ROUND(66/(144-3),3)),
((SELECT team_id FROM team WHERE team_name='SSG 랜더스'), 2019, 144, 71, 3, 70, ROUND(71/(144-3),3)),
((SELECT team_id FROM team WHERE team_name='SSG 랜더스'), 2020, 144, 83, 3, 58, ROUND(83/(144-3),3)),
((SELECT team_id FROM team WHERE team_name='SSG 랜더스'), 2021, 144, 81, 4, 59, ROUND(81/(144-4),3)),
((SELECT team_id FROM team WHERE team_name='SSG 랜더스'), 2022, 144, 75, 4, 65, ROUND(75/(144-4),3)),
((SELECT team_id FROM team WHERE team_name='SSG 랜더스'), 2023, 144, 73, 4, 67, ROUND(73/(144-4),3)),
((SELECT team_id FROM team WHERE team_name='SSG 랜더스'), 2024, 144, 70, 3, 71, ROUND(70/(144-3),3));


-- 11. insert_USER
INSERT INTO `user` (`name`, `resident_number`, `password`, `email`, `permission_id`, `team_id`)
VALUES
('홍길동', '900101-1234567', 'password123!', 'hong.gd@example.com', 1, 1),
('김철수', '880203-1122334', 'mysecretpass', 'kim.cs@example.com', 2, 1),
('이영희', '900304-2233445', 'secure_pass', 'lee.yh@example.com', 2, 2),
('박지성', '820105-1230000', 'soccerking', 'park.js@example.com', 1, 2),
('손흥민', '920712-1222222', 'heungmin7', 'son.hm@example.com', 2, 3),
('류현진', '870801-3111111', 'monster99', 'ryu.hj@example.com', 1, 3),
('김연아', '900914-2000000', 'figureskater', 'kim.ya@example.com', 2, 4),
('최민식', '760202-1234567', 'actor_choi', 'choi.ms@example.com', 1, 5),
('송강호', '750505-1231231', 'actor_song', 'song.kh@example.com', 2, 5),
('이병헌', '700101-1000001', 'actor_lee', 'lee.bh@example.com', 1, 5),
('정우성', '710707-2333333', 'actor_jung', 'jung.ws@example.com', 2, 1),
('고아라', '940302-2222222', 'ara_go', 'go.ar@example.com', 2, 2),
('강동원', '830809-1111444', 'gang_dw', 'gang.dw@example.com', 2, 3),
('김태희', '800101-1231234', 'kim.th', 'kim.th@example.com', 1, 4),
('현빈',   '820909-4567890', 'hyun_bin', 'hyun.bin@example.com', 2, 5);


-- 12. insert_GAME_RECORD_DETAIL
INSERT INTO game_record_detail (
game_detail_id, 
player_id, 
game_id, 
season,
ab,
hit,
`1b`,
`2b`,
`3b`,
hr,
rbi,
hitter_so,
hitter_bb,
hbp,
sf,
ip,
er,
pitcher_h,
pitcher_so,
pitcher_bb,
win,
lose,
save,
`error`, 
assist,
po,
sb,
cs
) VALUES
-- 각각 3009, 3002, 4201번 선수의 총 6개 데이터 (2022년 시즌 2경기 3001,3002 / 2023년 시즌 2경기 4001,4002 / 2024년 시즌 2경기 5001,5002)
(1,  3009, 3001, 2022, 3, 1, 0, 1, 0, 0, 0, 0, 2, 2, 1, NULL, NULL, NULL, NULL, NULL, NULL, NULL, NULL, 0, 0, 2, 0, 0),
(2,  3009, 3002, 2022, 5, 3, 1, 1, 0, 1, 2, 0, 1, 0, 0, NULL, NULL, NULL, NULL, NULL, NULL, NULL, NULL, 0, 0, 2, 1, 0),
(3,  3009, 4001, 2023, 4, 1, 0, 0, 0, 1, 1, 2, 1, 0, 0, NULL, NULL, NULL, NULL, NULL, NULL, NULL, NULL, 0, 0, 0, 0, 0),
(4,  3009, 4002, 2023, 3, 2, 2, 0, 0, 0, 1, 0, 1, 0, 0, NULL, NULL, NULL, NULL, NULL, NULL, NULL, NULL, 0, 0, 0, 0, 0),
(5,  3009, 5001, 2024, 4, 2, 2, 0, 0, 0, 1, 1, 0, 0, 0, NULL, NULL, NULL, NULL, NULL, NULL, NULL, NULL, 0, 1, 1, 1, 1),
(6,  3009, 5002, 2024, 4, 1, 1, 0, 0, 0, 0, 1, 1, 0, 0, NULL, NULL, NULL, NULL, NULL, NULL, NULL, NULL, 0, 0, 1, 1, 0),
(7,  3002, 3001, 2022, 3, 2, 1, 1, 0, 0, 1, 0, 1, 0, 0, NULL, NULL, NULL, NULL, NULL, NULL, NULL, NULL, 0, 0, 2, 0, 0),
(8,  3002, 3002, 2022, 5, 2, 2, 0, 0, 0, 1, 0, 1, 0, 1, NULL, NULL, NULL, NULL, NULL, NULL, NULL, NULL, 0, 0, 0, 0, 0),
(9,  3002, 4001, 2023, 4, 1, 0, 1, 0, 0, 0, 2, 1, 0, 0, NULL, NULL, NULL, NULL, NULL, NULL, NULL, NULL, 0, 0, 1, 0, 0),
(10, 3002, 4002, 2023, 3, 0, 0, 0, 0, 0, 0, 1, 2, 0, 0, NULL, NULL, NULL, NULL, NULL, NULL, NULL, NULL, 0, 0, 0, 0, 0),
(11, 3002, 5001, 2024, 4, 3, 3, 0, 0, 0, 1, 0, 0, 0, 0, NULL, NULL, NULL, NULL, NULL, NULL, NULL, NULL, 0, 0, 1, 0, 0),
(12, 3002, 5002, 2024, 5, 1, 1, 0, 0, 0, 0, 1, 1, 1, 0, NULL, NULL, NULL, NULL, NULL, NULL, NULL, NULL, 0, 0, 0, 1, 0),
(13, 4201, 3001, 2022, 4, 2, 2, 0, 0, 0, 1, 0, 1, 0, 0, NULL, NULL, NULL, NULL, NULL, NULL, NULL, NULL, 0, 0, 1, 0, 0),
(14, 4201, 3002, 2022, 4, 2, 2, 0, 0, 0, 1, 0, 2, 0, 0, NULL, NULL, NULL, NULL, NULL, NULL, NULL, NULL, 0, 0, 1, 0, 0),
(15, 4201, 4001, 2023, 3, 1, 1, 0, 0, 0, 0, 1, 1, 0, 0, NULL, NULL, NULL, NULL, NULL, NULL, NULL, NULL, 0, 0, 0, 0, 0),
(16, 4201, 4002, 2023, 4, 2, 2, 0, 0, 0, 0, 0, 1, 0, 0, NULL, NULL, NULL, NULL, NULL, NULL, NULL, NULL, 0, 0, 2, 0, 0),
(17, 4201, 5001, 2024, 5, 3, 3, 0, 0, 0, 2, 0, 1, 0, 0, NULL, NULL, NULL, NULL, NULL, NULL, NULL, NULL, 0, 0, 1, 0, 0),
(18, 4201, 5002, 2024, 4, 1, 1, 0, 0, 0, 0, 1, 0, 1, 0, NULL, NULL, NULL, NULL, NULL, NULL, NULL, NULL, 0, 0, 1, 1, 0);

-- 투수 데이터
INSERT INTO game_record_detail (
game_detail_id, 
player_id, 
game_id, 
season,
ab,
hit,
`1b`,
`2b`,
`3b`,
hr,
rbi,
hitter_so,
hitter_bb,
hbp,
sf,
ip,
er,
pitcher_h,
pitcher_so,
pitcher_bb,
win,
lose,
save,
`error`, 
assist,
po,
sb,
cs
) VALUES
-- 각각 4207, 3002, 4201번 선수의 총 6개 데이터 (2022년 시즌 2경기 3001,3002 / 2023년 시즌 2경기 4001,4002 / 2024년 시즌 2경기 5001,5002)
(19, 4001, 3001, 2022, NULL, NULL, NULL, NULL, NULL, NULL, NULL, NULL, NULL, NULL, NULL, 1.0, 0, 1, 0, 0, 0, 0, 0, 0, 0, 0, 0, 0),
(20, 4001, 3002, 2022, NULL, NULL, NULL, NULL, NULL, NULL, NULL, NULL, NULL, NULL, NULL, 5.2, 2, 6, 4, 2, 1, 0, 0, 0, 0, 0, 0, 0),
(21, 4001, 4001, 2023, NULL, NULL, NULL, NULL, NULL, NULL, NULL, NULL, NULL, NULL, NULL, 6.0, 1, 4, 5, 1, 1, 0, 0, 0, 0, 0, 0, 0),
(22, 4001, 4002, 2023, NULL, NULL, NULL, NULL, NULL, NULL, NULL, NULL, NULL, NULL, NULL, 4.1, 3, 7, 3, 4, 0, 1, 0, 0, 0, 0, 0, 0),
(23, 4001, 5001, 2024, NULL, NULL, NULL, NULL, NULL, NULL, NULL, NULL, NULL, NULL, NULL, 3.2, 0, 2, 2, 1, 0, 0, 0, 0, 0, 0, 0, 0),
(24, 4001, 5002, 2024, NULL, NULL, NULL, NULL, NULL, NULL, NULL, NULL, NULL, NULL, NULL, 7.0, 1, 5, 6, 1, 1, 0, 0, 0, 0, 0, 0, 0),
(25, 4002, 3001, 2022, NULL, NULL, NULL, NULL, NULL, NULL, NULL, NULL, NULL, NULL, NULL, 2.0, 4, 5, 1, 2, 0, 1, 0, 0, 0, 0, 0, 0),
(26, 4002, 3002, 2022, NULL, NULL, NULL, NULL, NULL, NULL, NULL, NULL, NULL, NULL, NULL, 4.2, 3, 8, 2, 3, 0, 1, 0, 0, 0, 0, 0, 0),
(27, 4002, 4001, 2023, NULL, NULL, NULL, NULL, NULL, NULL, NULL, NULL, NULL, NULL, NULL, 4.0, 0, 3, 3, 1, 0, 1, 1, 0, 0, 0, 0, 0),
(28, 4002, 4002, 2023, NULL, NULL, NULL, NULL, NULL, NULL, NULL, NULL, NULL, NULL, NULL, 6.1, 2, 8, 6, 3, 1, 0, 0, 0, 0, 0, 0, 0),
(29, 4002, 5001, 2024, NULL, NULL, NULL, NULL, NULL, NULL, NULL, NULL, NULL, NULL, NULL, 3.0, 3, 5, 2, 2, 0, 1, 0, 0, 0, 0, 0, 0),
(30, 4002, 5002, 2024, NULL, NULL, NULL, NULL, NULL, NULL, NULL, NULL, NULL, NULL, NULL, 6.0, 1, 4, 7, 1, 1, 0, 0, 0, 0, 0, 0, 0),
(31, 4003, 3001, 2022, NULL, NULL, NULL, NULL, NULL, NULL, NULL, NULL, NULL, NULL, NULL, 5.1, 2, 7, 4, 3, 0, 0, 0, 0, 0, 0, 0, 0),
(32, 4003, 3002, 2022, NULL, NULL, NULL, NULL, NULL, NULL, NULL, NULL, NULL, NULL, NULL, 2.2, 4, 6, 2, 4, 0, 1, 0, 1, 0, 0, 0, 0),
(33, 4003, 4001, 2023, NULL, NULL, NULL, NULL, NULL, NULL, NULL, NULL, NULL, NULL, NULL, 7.0, 0, 5, 8, 2, 1, 0, 0, 0, 0, 0, 0, 0),
(34, 4003, 4002, 2023, NULL, NULL, NULL, NULL, NULL, NULL, NULL, NULL, NULL, NULL, NULL, 4.1, 1, 4, 3, 1, 1, 0, 1, 0, 0, 0, 0, 0),
(35, 4003, 5001, 2024, NULL, NULL, NULL, NULL, NULL, NULL, NULL, NULL, NULL, NULL, NULL, 6.2, 3, 9, 6, 2, 0, 1, 0, 0, 0, 0, 0, 0),
(36, 4003, 5002, 2024, NULL, NULL, NULL, NULL, NULL, NULL, NULL, NULL, NULL, NULL, NULL, 5.0, 2, 7, 5, 3, 1, 0, 0, 1, 0, 0, 0, 0),
(37, 4006, 3001, 2022, NULL, NULL, NULL, NULL, NULL, NULL, NULL, NULL, NULL, NULL, NULL, 1.1, 0, 3, 1, 1, 0, 0, 0, 0, 0, 0, 0, 0),
(38, 4006, 3002, 2022, NULL, NULL, NULL, NULL, NULL, NULL, NULL, NULL, NULL, NULL, NULL, 1.0, 2, 4, 2, 2, 0, 0, 0, 0, 0, 0, 0, 0),
(39, 4006, 4001, 2023, NULL, NULL, NULL, NULL, NULL, NULL, NULL, NULL, NULL, NULL, NULL, 0.1, 0, 1, 1, 0, 0, 0, 0, 0, 0, 0, 0, 0),
(40, 4006, 4002, 2023, NULL, NULL, NULL, NULL, NULL, NULL, NULL, NULL, NULL, NULL, NULL, 2.0, 0, 2, 4, 0, 0, 1, 0, 0, 0, 0, 0, 0),
(41, 4006, 5001, 2024, NULL, NULL, NULL, NULL, NULL, NULL, NULL, NULL, NULL, NULL, NULL, 1.2, 1, 3, 2, 1, 0, 0, 1, 0, 0, 0, 0, 0),
(42, 4006, 5002, 2024, NULL, NULL, NULL, NULL, NULL, NULL, NULL, NULL, NULL, NULL, NULL, 0.2, 1, 2, 0, 1, 0, 0, 0, 0, 0, 0, 0, 0),
(43, 4008, 3001, 2022, NULL, NULL, NULL, NULL, NULL, NULL, NULL, NULL, NULL, NULL, NULL, 0.1, 0, 1, 0, 0, 0, 0, 0, 0, 0, 0, 0, 0),
(44, 4008, 3002, 2022, NULL, NULL, NULL, NULL, NULL, NULL, NULL, NULL, NULL, NULL, NULL, 2.0, 1, 5, 4, 3, 1, 0, 0, 0, 0, 0, 0, 0),
(45, 4008, 4001, 2023, NULL, NULL, NULL, NULL, NULL, NULL, NULL, NULL, NULL, NULL, NULL, 1.1, 0, 1, 2, 0, 0, 0, 0, 0, 0, 0, 0, 0),
(46, 4008, 4002, 2023, NULL, NULL, NULL, NULL, NULL, NULL, NULL, NULL, NULL, NULL, NULL, 0.2, 2, 4, 1, 1, 0, 0, 1, 0, 0, 0, 0, 0),
(47, 4008, 5001, 2024, NULL, NULL, NULL, NULL, NULL, NULL, NULL, NULL, NULL, NULL, NULL, 1.2, 0, 3, 3, 2, 0, 1, 0, 0, 0, 0, 0, 0),
(48, 4008, 5002, 2024, NULL, NULL, NULL, NULL, NULL, NULL, NULL, NULL, NULL, NULL, NULL, 1.0, 1, 2, 1, 1, 0, 0, 0, 0, 0, 0, 0, 0),
(49, 4010, 3001, 2022, NULL, NULL, NULL, NULL, NULL, NULL, NULL, NULL, NULL, NULL, NULL, 6.0, 0, 5, 5, 1, 1, 0, 0, 0, 0, 0, 0, 0),
(51, 4010, 3002, 2022, NULL, NULL, NULL, NULL, NULL, NULL, NULL, NULL, NULL, NULL, NULL, 7.1, 1, 7, 7, 2, 1, 0, 0, 0, 0, 0, 0, 0),
(52, 4010, 4001, 2023, NULL, NULL, NULL, NULL, NULL, NULL, NULL, NULL, NULL, NULL, NULL, 5.2, 4, 9, 4, 5, 0, 1, 0, 1, 0, 0, 0, 0),
(53, 4010, 4002, 2023, NULL, NULL, NULL, NULL, NULL, NULL, NULL, NULL, NULL, NULL, NULL, 8.0, 2, 6, 10, 3, 1, 0, 0, 0, 0, 0, 0, 0),
(54, 4010, 5001, 2024, NULL, NULL, NULL, NULL, NULL, NULL, NULL, NULL, NULL, NULL, NULL, 6.1, 3, 8, 6, 4, 0, 1, 0, 0, 0, 0, 0, 0),
(55, 4010, 5002, 2024, NULL, NULL, NULL, NULL, NULL, NULL, NULL, NULL, NULL, NULL, NULL, 7.0, 1, 5, 8, 2, 1, 0, 0, 0, 0, 0, 0, 0);

-- game_record_detail 타자 관련 데이터
INSERT INTO game_record_detail (
game_detail_id, 
player_id, 
game_id, 
season,
ab,
hit,
`1b`,
`2b`,
`3b`,
hr,
rbi,
hitter_so,
hitter_bb,
hbp,
sf,
ip,
er,
pitcher_h,
pitcher_so,
pitcher_bb,
win,
lose,
save,
`error`, 
assist,
po,
sb,
cs
) VALUES
-- 각각 3009, 3002, 4201번 선수의 총 6개 데이터 (2022년 시즌 2경기 3001,3002 / 2023년 시즌 2경기 4001,4002 / 2024년 시즌 2경기 5001,5002)
(1,  3009, 3001, 2022, 3, 1, 0, 1, 0, 0, 0, 0, 2, 2, 1, NULL, NULL, NULL, NULL, NULL, NULL, NULL, NULL, 0, 0, 2, 0, 0),
(2,  3009, 3002, 2022, 5, 3, 1, 1, 0, 1, 2, 0, 1, 0, 0, NULL, NULL, NULL, NULL, NULL, NULL, NULL, NULL, 0, 0, 2, 1, 0),
(3,  3009, 4001, 2023, 4, 1, 0, 0, 0, 1, 1, 2, 1, 0, 0, NULL, NULL, NULL, NULL, NULL, NULL, NULL, NULL, 0, 0, 0, 0, 0),
(4,  3009, 4002, 2023, 3, 2, 2, 0, 0, 0, 1, 0, 1, 0, 0, NULL, NULL, NULL, NULL, NULL, NULL, NULL, NULL, 0, 0, 0, 0, 0),
(5,  3009, 5001, 2024, 4, 2, 2, 0, 0, 0, 1, 1, 0, 0, 0, NULL, NULL, NULL, NULL, NULL, NULL, NULL, NULL, 0, 1, 1, 1, 1),
(6,  3009, 5002, 2024, 4, 1, 1, 0, 0, 0, 0, 1, 1, 0, 0, NULL, NULL, NULL, NULL, NULL, NULL, NULL, NULL, 0, 0, 1, 1, 0),
(7,  3002, 3001, 2022, 3, 2, 1, 1, 0, 0, 1, 0, 1, 0, 0, NULL, NULL, NULL, NULL, NULL, NULL, NULL, NULL, 0, 0, 2, 0, 0),
(8,  3002, 3002, 2022, 5, 2, 2, 0, 0, 0, 1, 0, 1, 0, 1, NULL, NULL, NULL, NULL, NULL, NULL, NULL, NULL, 0, 0, 0, 0, 0),
(9,  3002, 4001, 2023, 4, 1, 0, 1, 0, 0, 0, 2, 1, 0, 0, NULL, NULL, NULL, NULL, NULL, NULL, NULL, NULL, 0, 0, 1, 0, 0),
(10, 3002, 4002, 2023, 3, 0, 0, 0, 0, 0, 0, 1, 2, 0, 0, NULL, NULL, NULL, NULL, NULL, NULL, NULL, NULL, 0, 0, 0, 0, 0),
(11, 3002, 5001, 2024, 4, 3, 3, 0, 0, 0, 1, 0, 0, 0, 0, NULL, NULL, NULL, NULL, NULL, NULL, NULL, NULL, 0, 0, 1, 0, 0),
(12, 3002, 5002, 2024, 5, 1, 1, 0, 0, 0, 0, 1, 1, 1, 0, NULL, NULL, NULL, NULL, NULL, NULL, NULL, NULL, 0, 0, 0, 1, 0),
(13, 4201, 3001, 2022, 4, 2, 2, 0, 0, 0, 1, 0, 1, 0, 0, NULL, NULL, NULL, NULL, NULL, NULL, NULL, NULL, 0, 0, 1, 0, 0),
(14, 4201, 3002, 2022, 4, 2, 2, 0, 0, 0, 1, 0, 2, 0, 0, NULL, NULL, NULL, NULL, NULL, NULL, NULL, NULL, 0, 0, 1, 0, 0),
(15, 4201, 4001, 2023, 3, 1, 1, 0, 0, 0, 0, 1, 1, 0, 0, NULL, NULL, NULL, NULL, NULL, NULL, NULL, NULL, 0, 0, 0, 0, 0),
(16, 4201, 4002, 2023, 4, 2, 2, 0, 0, 0, 0, 0, 1, 0, 0, NULL, NULL, NULL, NULL, NULL, NULL, NULL, NULL, 0, 0, 2, 0, 0),
(17, 4201, 5001, 2024, 5, 3, 3, 0, 0, 0, 2, 0, 1, 0, 0, NULL, NULL, NULL, NULL, NULL, NULL, NULL, NULL, 0, 0, 1, 0, 0),
(18, 4201, 5002, 2024, 4, 1, 1, 0, 0, 0, 0, 1, 0, 1, 0, NULL, NULL, NULL, NULL, NULL, NULL, NULL, NULL, 0, 0, 1, 1, 0);

-- game_record_detail 투수 관련 데이터
INSERT INTO game_record_detail (
game_detail_id, 
player_id, 
game_id, 
season,
ab,
hit,
`1b`,
`2b`,
`3b`,
hr,
rbi,
hitter_so,
hitter_bb,
hbp,
sf,
ip,
er,
pitcher_h,
pitcher_so,
pitcher_bb,
win,
lose,
save,
`error`, 
assist,
po,
sb,
cs
) VALUES
-- 각각 4207, 3002, 4201번 선수의 총 6개 데이터 (2022년 시즌 2경기 3001,3002 / 2023년 시즌 2경기 4001,4002 / 2024년 시즌 2경기 5001,5002)
(19, 4001, 3001, 2022, NULL, NULL, NULL, NULL, NULL, NULL, NULL, NULL, NULL, NULL, NULL, 1.0, 0, 1, 0, 0, 0, 0, 0, 0, 0, 0, 0, 0),
(20, 4001, 3002, 2022, NULL, NULL, NULL, NULL, NULL, NULL, NULL, NULL, NULL, NULL, NULL, 5.2, 2, 6, 4, 2, 1, 0, 0, 0, 0, 0, 0, 0),
(21, 4001, 4001, 2023, NULL, NULL, NULL, NULL, NULL, NULL, NULL, NULL, NULL, NULL, NULL, 6.0, 1, 4, 5, 1, 1, 0, 0, 0, 0, 0, 0, 0),
(22, 4001, 4002, 2023, NULL, NULL, NULL, NULL, NULL, NULL, NULL, NULL, NULL, NULL, NULL, 4.1, 3, 7, 3, 4, 0, 1, 0, 0, 0, 0, 0, 0),
(23, 4001, 5001, 2024, NULL, NULL, NULL, NULL, NULL, NULL, NULL, NULL, NULL, NULL, NULL, 3.2, 0, 2, 2, 1, 0, 0, 0, 0, 0, 0, 0, 0),
(24, 4001, 5002, 2024, NULL, NULL, NULL, NULL, NULL, NULL, NULL, NULL, NULL, NULL, NULL, 7.0, 1, 5, 6, 1, 1, 0, 0, 0, 0, 0, 0, 0),
(25, 4002, 3001, 2022, NULL, NULL, NULL, NULL, NULL, NULL, NULL, NULL, NULL, NULL, NULL, 2.0, 4, 5, 1, 2, 0, 1, 0, 0, 0, 0, 0, 0),
(26, 4002, 3002, 2022, NULL, NULL, NULL, NULL, NULL, NULL, NULL, NULL, NULL, NULL, NULL, 4.2, 3, 8, 2, 3, 0, 1, 0, 0, 0, 0, 0, 0),
(27, 4002, 4001, 2023, NULL, NULL, NULL, NULL, NULL, NULL, NULL, NULL, NULL, NULL, NULL, 4.0, 0, 3, 3, 1, 0, 1, 1, 0, 0, 0, 0, 0),
(28, 4002, 4002, 2023, NULL, NULL, NULL, NULL, NULL, NULL, NULL, NULL, NULL, NULL, NULL, 6.1, 2, 8, 6, 3, 1, 0, 0, 0, 0, 0, 0, 0),
(29, 4002, 5001, 2024, NULL, NULL, NULL, NULL, NULL, NULL, NULL, NULL, NULL, NULL, NULL, 3.0, 3, 5, 2, 2, 0, 1, 0, 0, 0, 0, 0, 0),
(30, 4002, 5002, 2024, NULL, NULL, NULL, NULL, NULL, NULL, NULL, NULL, NULL, NULL, NULL, 6.0, 1, 4, 7, 1, 1, 0, 0, 0, 0, 0, 0, 0),
(31, 4003, 3001, 2022, NULL, NULL, NULL, NULL, NULL, NULL, NULL, NULL, NULL, NULL, NULL, 5.1, 2, 7, 4, 3, 0, 0, 0, 0, 0, 0, 0, 0),
(32, 4003, 3002, 2022, NULL, NULL, NULL, NULL, NULL, NULL, NULL, NULL, NULL, NULL, NULL, 2.2, 4, 6, 2, 4, 0, 1, 0, 1, 0, 0, 0, 0),
(33, 4003, 4001, 2023, NULL, NULL, NULL, NULL, NULL, NULL, NULL, NULL, NULL, NULL, NULL, 7.0, 0, 5, 8, 2, 1, 0, 0, 0, 0, 0, 0, 0),
(34, 4003, 4002, 2023, NULL, NULL, NULL, NULL, NULL, NULL, NULL, NULL, NULL, NULL, NULL, 4.1, 1, 4, 3, 1, 1, 0, 1, 0, 0, 0, 0, 0),
(35, 4003, 5001, 2024, NULL, NULL, NULL, NULL, NULL, NULL, NULL, NULL, NULL, NULL, NULL, 6.2, 3, 9, 6, 2, 0, 1, 0, 0, 0, 0, 0, 0),
(36, 4003, 5002, 2024, NULL, NULL, NULL, NULL, NULL, NULL, NULL, NULL, NULL, NULL, NULL, 5.0, 2, 7, 5, 3, 1, 0, 0, 1, 0, 0, 0, 0),
(37, 4006, 3001, 2022, NULL, NULL, NULL, NULL, NULL, NULL, NULL, NULL, NULL, NULL, NULL, 1.1, 0, 3, 1, 1, 0, 0, 0, 0, 0, 0, 0, 0),
(38, 4006, 3002, 2022, NULL, NULL, NULL, NULL, NULL, NULL, NULL, NULL, NULL, NULL, NULL, 1.0, 2, 4, 2, 2, 0, 0, 0, 0, 0, 0, 0, 0),
(39, 4006, 4001, 2023, NULL, NULL, NULL, NULL, NULL, NULL, NULL, NULL, NULL, NULL, NULL, 0.1, 0, 1, 1, 0, 0, 0, 0, 0, 0, 0, 0, 0),
(40, 4006, 4002, 2023, NULL, NULL, NULL, NULL, NULL, NULL, NULL, NULL, NULL, NULL, NULL, 2.0, 0, 2, 4, 0, 0, 1, 0, 0, 0, 0, 0, 0),
(41, 4006, 5001, 2024, NULL, NULL, NULL, NULL, NULL, NULL, NULL, NULL, NULL, NULL, NULL, 1.2, 1, 3, 2, 1, 0, 0, 1, 0, 0, 0, 0, 0),
(42, 4006, 5002, 2024, NULL, NULL, NULL, NULL, NULL, NULL, NULL, NULL, NULL, NULL, NULL, 0.2, 1, 2, 0, 1, 0, 0, 0, 0, 0, 0, 0, 0),
(43, 4008, 3001, 2022, NULL, NULL, NULL, NULL, NULL, NULL, NULL, NULL, NULL, NULL, NULL, 0.1, 0, 1, 0, 0, 0, 0, 0, 0, 0, 0, 0, 0),
(44, 4008, 3002, 2022, NULL, NULL, NULL, NULL, NULL, NULL, NULL, NULL, NULL, NULL, NULL, 2.0, 1, 5, 4, 3, 1, 0, 0, 0, 0, 0, 0, 0),
(45, 4008, 4001, 2023, NULL, NULL, NULL, NULL, NULL, NULL, NULL, NULL, NULL, NULL, NULL, 1.1, 0, 1, 2, 0, 0, 0, 0, 0, 0, 0, 0, 0),
(46, 4008, 4002, 2023, NULL, NULL, NULL, NULL, NULL, NULL, NULL, NULL, NULL, NULL, NULL, 0.2, 2, 4, 1, 1, 0, 0, 1, 0, 0, 0, 0, 0),
(47, 4008, 5001, 2024, NULL, NULL, NULL, NULL, NULL, NULL, NULL, NULL, NULL, NULL, NULL, 1.2, 0, 3, 3, 2, 0, 1, 0, 0, 0, 0, 0, 0),
(48, 4008, 5002, 2024, NULL, NULL, NULL, NULL, NULL, NULL, NULL, NULL, NULL, NULL, NULL, 1.0, 1, 2, 1, 1, 0, 0, 0, 0, 0, 0, 0, 0),
(49, 4010, 3001, 2022, NULL, NULL, NULL, NULL, NULL, NULL, NULL, NULL, NULL, NULL, NULL, 6.0, 0, 5, 5, 1, 1, 0, 0, 0, 0, 0, 0, 0),
(51, 4010, 3002, 2022, NULL, NULL, NULL, NULL, NULL, NULL, NULL, NULL, NULL, NULL, NULL, 7.1, 1, 7, 7, 2, 1, 0, 0, 0, 0, 0, 0, 0),
(52, 4010, 4001, 2023, NULL, NULL, NULL, NULL, NULL, NULL, NULL, NULL, NULL, NULL, NULL, 5.2, 4, 9, 4, 5, 0, 1, 0, 1, 0, 0, 0, 0),
(53, 4010, 4002, 2023, NULL, NULL, NULL, NULL, NULL, NULL, NULL, NULL, NULL, NULL, NULL, 8.0, 2, 6, 10, 3, 1, 0, 0, 0, 0, 0, 0, 0),
(54, 4010, 5001, 2024, NULL, NULL, NULL, NULL, NULL, NULL, NULL, NULL, NULL, NULL, NULL, 6.1, 3, 8, 6, 4, 0, 1, 0, 0, 0, 0, 0, 0),
(55, 4010, 5002, 2024, NULL, NULL, NULL, NULL, NULL, NULL, NULL, NULL, NULL, NULL, NULL, 7.0, 1, 5, 8, 2, 1, 0, 0, 0, 0, 0, 0, 0);
